identity_id,name,type,department
EMP001,Employee1,Employee,Engineering
EMP002,Emily Davis,Employee,IT
EMP003,Michael Dormer,Employee,Operations
EMP004,Employee4,Employee,Finance
EMP005,Sarah Token,Employee,Engineering
EMP006,Employee6,Employee,Finance
EMP007,David Hacker,Employee,IT
EMP008,Employee8,Employee,Ops
EMP009,Isabella Traveler,Employee,Sales
EMP010,Charlie Shared,Employee,Support
EMP011,Employee11,Employee,IT
EMP012,Employee12,Employee,Engineering
EMP013,Employee13,Employee,Engineering
EMP014,Employee14,Employee,Engineering
EMP015,Employee15,Employee,Finance
EMP016,Employee16,Employee,Finance
EMP017,Employee17,Employee,Ops
EMP018,Employee18,Employee,Ops
EMP019,Employee19,Employee,Engineering
EMP020,Employee20,Employee,Ops
EMP021,Employee21,Employee,Finance
EMP022,Employee22,Employee,Ops
EMP023,Employee23,Employee,IT
EMP024,Employee24,Employee,Finance
EMP025,Employee25,Employee,IT
EMP026,Employee26,Employee,Ops
EMP027,Employee27,Employee,HR
EMP028,Employee28,Employee,Engineering
EMP029,Employee29,Employee,Finance
EMP030,Employee30,Employee,IT
EMP031,Employee31,Employee,HR
EMP032,Employee32,Employee,HR
EMP033,Employee33,Employee,Finance
EMP034,Employee34,Employee,Finance
EMP035,Employee35,Employee,HR
EMP036,Employee36,Employee,Engineering
EMP037,Employee37,Employee,Engineering
EMP038,Employee38,Employee,IT
EMP039,Employee39,Employee,Engineering
EMP040,Employee40,Employee,HR
EMP041,Employee41,Employee,HR
EMP042,Employee42,Employee,Ops
EMP043,Employee43,Employee,HR
EMP044,Employee44,Employee,Engineering
EMP045,Employee45,Employee,IT
EMP046,Employee46,Employee,Ops
EMP047,Employee47,Employee,Engineering
EMP048,Employee48,Employee,IT
EMP049,Employee49,Employee,Engineering
EMP050,Employee50,Employee,Ops
EMP051,Employee51,Employee,HR
EMP052,Employee52,Employee,Ops
EMP053,Employee53,Employee,HR
EMP054,Employee54,Employee,Ops
EMP055,Employee55,Employee,Finance
EMP056,Employee56,Employee,Engineering
EMP057,Employee57,Employee,Engineering
EMP058,Employee58,Employee,Finance
EMP059,Employee59,Employee,HR
EMP060,Employee60,Employee,Engineering
EMP061,Employee61,Employee,Finance
EMP062,Employee62,Employee,Engineering
EMP063,Employee63,Employee,IT
EMP064,Employee64,Employee,HR
EMP065,Employee65,Employee,IT
EMP066,Employee66,Employee,HR
EMP067,Employee67,Employee,Finance
EMP068,Employee68,Employee,HR
EMP069,Employee69,Employee,HR
EMP070,Employee70,Employee,Finance
EMP071,Employee71,Employee,HR
EMP072,Employee72,Employee,Engineering
EMP073,Employee73,Employee,Ops
EMP074,Employee74,Employee,Finance
EMP075,Employee75,Employee,Ops
EMP076,Employee76,Employee,Finance
EMP077,Employee77,Employee,Finance
EMP078,Employee78,Employee,IT
EMP079,Employee79,Employee,IT
EMP080,Employee80,Employee,HR
EMP081,Employee81,Employee,Ops
EMP082,Employee82,Employee,Finance
EMP083,Employee83,Employee,HR
EMP084,Employee84,Employee,Engineering
EMP085,Employee85,Employee,Finance
EMP086,Employee86,Employee,Engineering
EMP087,Employee87,Employee,HR
EMP088,Employee88,Employee,IT
EMP089,Employee89,Employee,HR
EMP090,Employee90,Employee,Engineering
EMP091,Employee91,Employee,Finance
EMP092,Employee92,Employee,Ops
EMP093,Employee93,Employee,HR
EMP094,Employee94,Employee,Finance
EMP095,Employee95,Employee,IT
EMP096,Employee96,Employee,IT
EMP097,Employee97,Employee,IT
EMP098,Employee98,Employee,Finance
EMP099,Employee99,Employee,HR
EMP100,Employee100,Employee,Finance
EMP101,Employee101,Employee,Finance
EMP102,Employee102,Employee,Ops
EMP103,Employee103,Employee,Ops
EMP104,Employee104,Employee,HR
EMP105,Employee105,Employee,Ops
EMP106,Employee106,Employee,IT
EMP107,Employee107,Employee,Ops
EMP108,Employee108,Employee,IT
EMP109,Employee109,Employee,HR
EMP110,Employee110,Employee,Finance
EMP111,Employee111,Employee,Finance
EMP112,Employee112,Employee,Ops
EMP113,Employee113,Employee,IT
EMP114,Employee114,Employee,Engineering
EMP115,Employee115,Employee,Engineering
EMP116,Employee116,Employee,Engineering
EMP117,Employee117,Employee,Finance
EMP118,Employee118,Employee,Finance
EMP119,Employee119,Employee,IT
EMP120,Employee120,Employee,Ops
EMP121,Employee121,Employee,Engineering
EMP122,Employee122,Employee,IT
EMP123,Employee123,Employee,IT
EMP124,Employee124,Employee,Ops
EMP125,Employee125,Employee,IT
EMP126,Employee126,Employee,Ops
EMP127,Employee127,Employee,HR
EMP128,Employee128,Employee,Ops
EMP129,Employee129,Employee,Engineering
EMP130,Employee130,Employee,Engineering
EMP131,Employee131,Employee,Ops
EMP132,Employee132,Employee,HR
EMP133,Employee133,Employee,HR
EMP134,Employee134,Employee,Engineering
EMP135,Employee135,Employee,HR
EMP136,Employee136,Employee,IT
EMP137,Employee137,Employee,Finance
EMP138,Employee138,Employee,IT
EMP139,Employee139,Employee,Engineering
EMP140,Employee140,Employee,HR
EMP141,Employee141,Employee,Ops
EMP142,Employee142,Employee,Finance
EMP143,Employee143,Employee,Ops
EMP144,Employee144,Employee,Engineering
EMP145,Employee145,Employee,HR
EMP146,Employee146,Employee,Ops
EMP147,Employee147,Employee,Ops
EMP148,Employee148,Employee,Finance
EMP149,Employee149,Employee,Finance
EMP150,Employee150,Employee,HR
EMP151,Employee151,Employee,Finance
EMP152,Employee152,Employee,Ops
EMP153,Employee153,Employee,Ops
EMP154,Employee154,Employee,Engineering
EMP155,Employee155,Employee,Ops
EMP156,Employee156,Employee,HR
EMP157,Employee157,Employee,IT
EMP158,Employee158,Employee,Engineering
EMP159,Employee159,Employee,Engineering
EMP160,Employee160,Employee,HR
EMP161,Employee161,Employee,HR
EMP162,Employee162,Employee,Finance
EMP163,Employee163,Employee,Engineering
EMP164,Employee164,Employee,Finance
EMP165,Employee165,Employee,Ops
EMP166,Employee166,Employee,Engineering
EMP167,Employee167,Employee,Engineering
EMP168,Employee168,Employee,IT
EMP169,Employee169,Employee,Engineering
EMP170,Employee170,Employee,Ops
EMP171,Employee171,Employee,Finance
EMP172,Employee172,Employee,Finance
EMP173,Employee173,Employee,IT
EMP174,Employee174,Employee,Ops
EMP175,Employee175,Employee,Finance
EMP176,Employee176,Employee,HR
EMP177,Employee177,Employee,Ops
EMP178,Employee178,Employee,Ops
EMP179,Employee179,Employee,IT
EMP180,Employee180,Employee,Finance
EMP181,Employee181,Employee,Ops
EMP182,Employee182,Employee,Finance
EMP183,Employee183,Employee,HR
EMP184,Employee184,Employee,IT
EMP185,Employee185,Employee,HR
EMP186,Employee186,Employee,IT
EMP187,Employee187,Employee,Ops
EMP188,Employee188,Employee,IT
EMP189,Employee189,Employee,Engineering
EMP190,Employee190,Employee,Finance
EMP191,Employee191,Employee,Finance
EMP192,Employee192,Employee,Engineering
EMP193,Employee193,Employee,HR
EMP194,Employee194,Employee,Engineering
EMP195,Employee195,Employee,Ops
EMP196,Employee196,Employee,Ops
EMP197,Employee197,Employee,Finance
EMP198,Employee198,Employee,Ops
EMP199,Employee199,Employee,Finance
EMP200,Employee200,Employee,Engineering
CTR001,Chris Carter,Contractor,Engineering
CTR002,Oliver Orphan,Contractor,Marketing
CTR003,Contractor3,Contractor,IT
CTR004,Contractor4,Contractor,IT
CTR005,Contractor5,Contractor,IT
CTR006,Contractor6,Contractor,IT
CTR007,Contractor7,Contractor,IT
CTR008,Contractor8,Contractor,IT
CTR009,Contractor9,Contractor,IT
CTR010,Contractor10,Contractor,IT
CTR011,Contractor11,Contractor,IT
CTR012,Contractor12,Contractor,IT
CTR013,Contractor13,Contractor,IT
CTR014,Contractor14,Contractor,IT
CTR015,Contractor15,Contractor,IT
CTR016,Contractor16,Contractor,IT
CTR017,Contractor17,Contractor,IT
CTR018,Contractor18,Contractor,IT
CTR019,Contractor19,Contractor,IT
CTR020,Contractor20,Contractor,IT
CTR021,Contractor21,Contractor,IT
CTR022,Contractor22,Contractor,IT
CTR023,Contractor23,Contractor,IT
CTR024,Contractor24,Contractor,IT
CTR025,Contractor25,Contractor,IT
CTR026,Contractor26,Contractor,IT
CTR027,Contractor27,Contractor,IT
CTR028,Contractor28,Contractor,IT
CTR029,Contractor29,Contractor,IT
CTR030,Contractor30,Contractor,IT
CTR031,Contractor31,Contractor,IT
CTR032,Contractor32,Contractor,IT
CTR033,Contractor33,Contractor,IT
CTR034,Contractor34,Contractor,IT
CTR035,Contractor35,Contractor,IT
CTR036,Contractor36,Contractor,IT
CTR037,Contractor37,Contractor,IT
CTR038,Contractor38,Contractor,IT
CTR039,Contractor39,Contractor,IT
CTR040,Contractor40,Contractor,IT
CTR041,Contractor41,Contractor,IT
CTR042,Contractor42,Contractor,IT
CTR043,Contractor43,Contractor,IT
CTR044,Contractor44,Contractor,IT
CTR045,Contractor45,Contractor,IT
CTR046,Contractor46,Contractor,IT
CTR047,Contractor47,Contractor,IT
CTR048,Contractor48,Contractor,IT
CTR049,Contractor49,Contractor,IT
CTR050,Contractor50,Contractor,IT
SVC001,svc-db-sync,Service Account,System
SVC002,svc-web-app,Service Account,System
SVC003,svc-app-3,Service,Operations
SVC004,svc-app-4,Service,Operations
SVC005,svc-app-5,Service,Operations
SVC006,svc-app-6,Service,Operations
SVC007,svc-app-7,Service,Operations
SVC008,svc-app-8,Service,Operations
SVC009,svc-app-9,Service,Operations
SVC010,svc-app-10,Service,Operations
SVC011,svc-app-11,Service,Operations
SVC012,svc-app-12,Service,Operations
SVC013,svc-app-13,Service,Operations
SVC014,svc-app-14,Service,Operations
SVC015,svc-app-15,Service,Operations
SVC016,svc-app-16,Service,Operations
SVC017,svc-app-17,Service,Operations
SVC018,svc-app-18,Service,Operations
SVC019,svc-app-19,Service,Operations
SVC020,svc-app-20,Service,Operations
SVC021,svc-app-21,Service,Operations
SVC022,svc-app-22,Service,Operations
SVC023,svc-app-23,Service,Operations
SVC024,svc-app-24,Service,Operations
SVC025,svc-app-25,Service,Operations
SVC026,svc-app-26,Service,Operations
SVC027,svc-app-27,Service,Operations
SVC028,svc-app-28,Service,Operations
SVC029,svc-app-29,Service,Operations
SVC030,svc-app-30,Service,Operations
SVC031,svc-app-31,Service,Operations
SVC032,svc-app-32,Service,Operations
SVC033,svc-app-33,Service,Operations
SVC034,svc-app-34,Service,Operations
SVC035,svc-app-35,Service,Operations
SVC036,svc-app-36,Service,Operations
SVC037,svc-app-37,Service,Operations
SVC038,svc-app-38,Service,Operations
SVC039,svc-app-39,Service,Operations
SVC040,svc-app-40,Service,Operations
SVC041,svc-app-41,Service,Operations
SVC042,svc-app-42,Service,Operations
SVC043,svc-app-43,Service,Operations
SVC044,svc-app-44,Service,Operations
SVC045,svc-app-45,Service,Operations
SVC046,svc-app-46,Service,Operations
SVC047,svc-app-47,Service,Operations
SVC048,svc-app-48,Service,Operations
SVC049,svc-app-49,Service,Operations
SVC050,svc-app-50,Service,Operations
